ID,Emmission
75979dbf74,36.884511126560746
bde30e10b7,16.30459310246909
041875d096,115.53518852218582
6d383272d1,12.876284217307717
d7f9ccafc3,129.33932766344032
4589104c52,76.96027302546142
ae92197099,41.36988179759309
c80ab43509,63.29002909745446
1ca8e45b9d,11.804557676886898
96e73739e0,76.25524352803725
4c024f1e4a,13.029285955303923
7b1ed6ee30,69.02053055660886
230a738358,24.375939570320377
018b3dd5f4,14.65487545602647
61819080d6,13.537865093443706
baa38d0450,17.02169675121116
7fdd7c7b31,15.782872346274589
fcd113fba3,11.767481845895338
f0307aae8d,10.43627993042514
a7a1d90a75,54.614334239378366
ffaaf9dd8b,15.70103754825529
678b1b9314,10.792621422578554
3197d7201b,35.915231641144466
b98c349da8,22.684319230814005
9bc9c06e6b,28.251489859272677
62cacfef3a,20.19290592040842
c491b01bed,33.90482417290483
2f7778f541,17.33211050996877
fa124d3605,12.46410092936246
06c563fe2f,12.195857881506898
413801e518,16.530553636011692
3032bb12ee,13.112780107451261
834e1aa79f,15.779171626087871
c89fbcfef3,10.245839099169203
83457bb4ad,31.15345363397313
727c98afc3,16.494685893704613
a6b10a2a0e,8.863295186790916
bafc3b294d,67.72357710296411
27f6c39e35,26.105419205993613
b9e5e0e466,15.658058567171098
b8ea559931,17.435955227527074
66bb601d30,32.960572879826984
07917d5238,15.961897105971763
220b1a1bd4,14.025223281116169
06eaeeb924,9.181027674811702
6d54e87331,9.461264406165675
560c418416,18.064877114938405
0302dd712b,12.346379625395258
3cac87aba2,15.773627558141904
0580651546,12.975985200764221
1b85df6932,88.19325898902927
d5accf966d,15.765967832890299
77cde72777,10.475799428557576
302f3eb95d,11.592785342580642
365f7b282a,16.866169916173344
6ff8f6fda7,23.88481666490953
3d9eeacb01,127.06175730085317
15b19b842f,8.97515721902751
c6318cc022,22.031062666761372
77b8126e8d,18.256153083106778
41d3334cfd,16.514437134587027
4bc276855c,14.620504024472464
331b7a8370,30.547515904632785
cbc0c9ad92,18.26317146606606
fe70aa887b,40.751091076987315
15e2571094,37.377830649464954
57db399638,59.932308721571744
7d2a4e808a,10.686982940735255
b6ae474db6,13.379247827562677
cd07830b1e,71.35373707618781
936583f240,17.697921011367697
ef9e9b6092,17.22474440068223
d459ad317c,129.3643070925949
81a8064553,64.47374278594475
15b600c9e9,14.005292351598559
854a40e52e,14.30475365514565
268990fdf8,83.17956798233203
997bb2c4c1,13.675165812035141
4980872a0d,14.510364616066557
374c411974,19.744045245614604
003911f8e7,15.217770389627447
61257825b8,10.865693493936664
c0867037fd,16.518298340799966
55823aa7ea,7.127292264738963
f5c7e1d95f,8.288090475534275
5749134d40,71.39035747165883
6363b02ec1,23.027351955974833
da64c1605d,14.674549510655599
1aaa1ef756,16.308125789616927
926ef76955,10.661191210962196
efcfb8e0d7,7.555163772289191
c1d0e85bca,14.708980543850824
988704e6d5,15.636819120650504
40e32e4844,18.065135402917754
4381cd2857,36.63187462903981
04f6b3ebd5,47.71141012311739
de437c8b59,13.390503732040871
f4238bae68,129.52514370190352
ca1ca7518d,10.707215293629318
26b4715a98,40.91179553985341
4ced6f701e,24.838317681719083
34185bfcfd,47.989605157837374
efdcef873a,16.313956419659256
f73843e33b,126.22356517242277
9fb66830aa,14.299858054997184
4db32a634f,15.295272538475377
41e7e4d1a0,14.666988119281642
b472ebb261,12.953246515895623
ba3e0b4c9f,13.775126849254985
77f51abf26,14.021883122516487
3f48888bae,16.13518462338884
c90f630160,15.071637231001336
a1ccd50a06,45.345775659153055
e07d57cb0a,11.66495709098016
c8a27e8dcd,11.216654701700186
2333dd6ee9,13.947091546541865
3ab5bf4f84,15.774096384883492
f7aa1224ad,56.652573157454995
06ac470455,16.548764329066394
43e4942116,9.512624956618899
554a3e157f,30.198366966012625
43eccacdf4,62.36699687233144
0e05822222,13.930617953741155
26e59eac18,17.370460495777564
23c568107d,14.187650838108983
f403ac06dd,20.41840428707031
a07292fc92,18.373464967861253
a7f04b0086,20.703291750769093
de60636524,22.588784333588265
3ecca715ad,16.476592751645605
a115d1b5a9,36.14013429414544
3817531333,33.51916276245852
8cd418f6b7,14.332263535409634
03cf56971a,16.59433280575417
d681f50a0f,13.960410633669706
d2116023b6,124.34585873454743
7597bd9a9f,37.52733863475999
8a8c01bab3,29.594304877343337
f70384b663,8.933282996063216
fbf6464d41,21.513600569109983
737b558803,120.58896801821223
d734a106cc,17.139669964624893
ed167c6dd8,26.935672822075908
95a7e2a083,9.648396963559584
dc988cac39,102.7107549094454
631386c4ac,16.29180202084337
69a2af8c03,17.16779797196566
f9c11a0856,110.85467095526867
d06a6d2158,18.985328372229095
257f8ae8e3,13.991177456664003
8097e49c08,11.185881733496924
e1f65b2922,14.475033889316432
7afb8cb27e,14.788309743863842
e948e994f8,23.637883868547227
89fa073a39,13.67129647414555
a22155536d,15.524409427872296
64b053933b,17.677612450294653
7dbf903ece,16.05001313521635
49e50dc4b4,18.46532775923471
3e73c9e9b8,9.191346508149039
202a0f0850,14.226513196737248
184f1d5a5b,18.52444984442015
84b8ffea61,16.315141861468042
2bdc422e32,21.883408990497927
eff6c2a67f,35.32269771983688
84e61a5cb5,48.87710939366261
a9901d3425,15.67075512509722
c1a5dd7659,68.10420987276038
8bce4c75bb,12.088427222781142
ea65682428,34.09250848505807
bb3aa1865b,10.12665580979012
b203d36e06,15.416705813790633
b8c9728e81,38.063529243655466
1f63808bfc,55.03874726451552
f11316a917,12.877331222809898
d8b3cbe93b,123.75830796190579
944e1fda64,13.294027351331732
3dc1560d3d,120.11554298275247
a43a238ba5,10.78032667548013
17577804de,11.645391681765652
47629fcc8f,121.20368871535098
5f9e011c36,14.820945817314012
15356b1bc3,27.09238236839433
1e551331f5,21.690053927214
23642c348d,13.67946774079608
a97a2c23a5,13.974760095768639
68411d303d,35.81773019152399
53256ce003,13.839345259665768
b33833f5c8,22.513165812728467
f97c4666a3,127.58127793636015
1ff6db2ac0,13.649537033973791
ff09526d4e,15.907471211735599
1bd0e889be,132.88517033563318
43c5fec61e,14.68160558995611
e113dbd7a5,12.96626216522112
57e23af8c4,18.292298157889967
d6c507af05,27.411943291142332
ddbc662758,10.938441298136485
107b444076,15.682571151317326
9ac71bbb65,27.2148426052184
fbe5f70d98,39.20657825262531
a720a78d29,13.166544554986553
1f168ba07f,13.283326821222015
78be31d100,12.958848592866946
0945db242b,14.735433734445479
ec5ab27b91,16.885972545029166
f1cc6d9485,69.60840762099065
a06037710a,130.0981343823237
873b61d600,42.02584850448935
747bd2e048,17.772732650830722
27e71158e1,19.02973259915199
30a683006c,17.662571898476074
cc13af19e6,16.28475621595917
74312cbcbe,14.774967183626558
211e37a8be,13.473868036166584
9fe4aa2cba,44.85910702116255
27d5dd2d37,23.390825153662462
76441933d9,16.974245566095703
4fbb205cbe,13.711675189965272
8a657d578d,128.81663532036987
a6bbb41130,24.946806426190513
a34476799c,14.128368148400343
1909e0cbd8,13.711419405667963
2bafbee578,22.57611723347653
4c44a72508,29.149409200049394
7075edf2bf,31.65402467588563
39ecc61185,15.171383563747465
3c22a28564,14.806175761735723
cecc9a7ce5,7.57120172107141
f28bed525d,15.674912198788503
8b8622e8da,35.43784588505622
6dc5e36781,17.188421462892563
a467e69b37,10.254235728468348
8887e66172,13.836316846555869
42e432f882,15.22752434239633
06bc9b7f4c,14.81594634379444
95142f0a62,40.007329950508925
87889e401f,9.376758854662842
406a787c09,66.47660884736158
4f5890147c,14.811636075203936
5e0fade6da,15.731010279218754
028b5db64c,16.972308869778843
b557043c47,14.86830009973025
7bc485c271,11.831102778018181
56ec397aee,75.57427703655489
188b93e8e3,12.245754518406299
daf25cec1d,13.171563796061989
b50d2320c7,49.741061888691846
43ba3cfa2d,13.978707572044897
035d9481f3,75.77296612548199
460bfd12f8,56.348266188440704
eff78be08e,16.249215593959928
ddab9443da,11.377762385986774
fcb4ca6488,17.996607053477156
f0e48eff9f,11.437709690594506
07fc0fda52,13.562733428159817
9760614c65,16.8695719335479
6ab20d630a,13.438873367958683
f0493ace33,42.64066080505488
c0ddeac39e,29.86483946100497
b410da2f37,14.466951077575164
e30cf0ce7d,51.30495482106384
1d7e0d1465,13.602243349656598
1b370b21ba,18.478092786691583
1631caa1a6,74.08306721704881
135b29941e,8.261260771383846
0919e33866,14.095543372613687
e42c651729,17.554068913870456
c1091fe7aa,13.01978757713439
b6bc8154cf,57.4427262472401
7063632022,79.2212489153585
4d3e788809,25.905892540645524
4f107b7a83,14.375034482587939
75a3957ca1,15.78001340791645
be7e0c88cd,35.7487904105334
c0a43d6ce4,32.033559946433776
1c1475cc50,15.97868561521054
d19b5aebef,13.473615765421712
538e8cf97b,9.482773119436011
ccd785f1f2,17.776675485247665
a903cccb8a,40.93107152549738
0f16d4ba6a,11.97096355032768
0ad620e97c,18.26186650140496
edfc5a7ca1,131.4321047855078
dde202cd68,75.35170882270782
7a7262fc9f,14.581390725151135
af36000147,16.228148732586273
009a3801f6,20.841145929596824
f7719d9237,16.44025548702911
9bdcbeb11b,12.936525099517207
723e35220e,123.51564194828113
1a22485a9d,49.55340669898546
69d6175f2b,12.415436671018032
47754a1da9,13.249060205627899
291009a640,16.310557754590263
7877ad0ab5,14.26484811541596
38d3df65ee,12.642193673087794
fa66f37e52,19.384670394772755
d38e09fc56,19.6221405256507
4a4708571d,12.750587312326315
f01bc1736c,17.72202222925918
690d02b4c8,16.315530428864896
5ef5a53b8d,35.140955250075564
8d7817b5e9,75.87701000508349
eee6195f99,17.105051284935975
5c69e75dcc,36.43512654414634
48d3246a5e,22.610639326469
abdc628426,76.96380380749041
9e099a3d32,34.374624216632526
fed5a45b72,15.168096397838864
dc76d51ba7,9.587782011715131
ef5f2a3732,25.14618950953082
7dd24ded5c,122.52226500914016
096066b776,41.87305100411869
00027b34c3,12.147581180156866
43726ba724,17.724786879041947
173cd8ca5e,12.56202741807005
fefad985e9,36.02605890343185
44065e9cc2,15.949042216093451
17c26edf72,8.3990795462907
d9e84e4efe,17.006204627103124
c8dd2132db,14.864942048286062
e8537246b7,13.167072247907393
792b538895,17.91050219626163
5ffaacb2ae,65.59921907127122
d690f47c78,14.59109220065271
2ab1f00688,40.73049454697575
4b49501a0d,15.027835110895904
1c786c33f3,67.99087864478386
0a4d08add2,12.605014488481356
e6f95ca7b8,13.41390662474506
7eddaaf8c8,17.5314185171386
7e73524e2d,11.485933800900423
69081c0c9d,17.726320905946572
4ecc01853a,13.742904441207529
d18e1de51b,21.925457851538905
b16502b457,15.109069095608437
66815d7cde,14.01778269760408
1ba7f9b796,21.365156291268722
33a76f7b48,13.781445236829581
333aaf9051,24.99748862650663
a4a0f33106,15.039099234803256
8bd3894d5f,38.49930566879854
a019b68209,10.59821493232574
ff0485f612,14.569681381294636
ff0a8ff55d,53.13007968762216
40c5961b73,17.333874868193703
5693479086,42.17900537682811
303b825a6d,9.85682106747879
75bbe6a5b2,41.166165727015624
61521cee66,18.93138018909616
685210be7e,15.950550247436588
a8276d9d7b,72.0768056056711
0f0e655cc4,8.863295186790916
228dea87f7,16.940407556681766
ea4062a419,13.606435967402529
62f7104e8a,63.992961413802405
f0cff5e403,8.243450657860896
151f1b6c37,130.7391859636348
62e3ff1d94,21.054822726916612
3f61409115,12.4285023868045
842eaba0d1,12.211150806255548
05747af708,16.7504444940519
6c8cf976b1,15.341480569329853
17b3d51d99,14.016362274499361
5f8c748a50,14.002105372167307
6416a77904,19.407391998052105
def7fbf396,17.153581919091227
39bb26a13a,24.509338761098633
3fccfc3d5c,14.828805876490911
7383ef4741,18.88086483148681
4e72235c1a,25.413873148690598
fd4bd8871b,14.685602778535424
cc6d441130,22.870267377172407
1db7ac0e06,9.98231320723513
dc05505de5,18.848391192036438
a994bfb8fc,13.712179436644934
9b6fda1b27,30.66189128079484
d70fb385ff,34.46133928817034
16158c62f1,16.423348796326913
f21c2eee38,12.053519239055003
d31c06dc6b,57.41449493917173
8cc43e66c1,15.404494399950973
8a57507ddb,20.381293018797813
231a9ea96a,36.22438857618752
b112144e20,16.416790403655607
a38150ba00,17.16895940477627
35bab41323,11.611164448040002
76bc6e2ff3,17.735300683911927
b5633e432b,19.448177574077363
422e8e0270,19.887836330526113
751f804730,11.090600339614726
9eac722b16,15.842803144287387
45efb9749e,13.943421379127688
25c2f9ca89,17.719590983994575
621d466c0a,55.201229953610934
ce12a1465f,137.94422020320587
b78c4fe32f,20.43705807387646
39128eeeef,17.46352224866746
b97340a565,14.904924057856139
bd67515a2e,43.437457349440805
68ecdd5f0e,12.348161648293502
9bbd39f972,12.641253339704523
b6309d0406,15.64059819633756
4138b7ba0c,12.433754086858277
2c162c5ecf,13.498752757241817
5f19dc53a9,38.216869571205834
9672cb533a,16.940407556681766
020b178061,46.1393487680672
11b71f01c7,130.8735309692504
b2ed4bf64a,14.747131048915556
51472d9caa,14.682457373299034
0c0e72e11d,30.21069039117885
c04ac0b532,14.291657461095312
6027becbd2,14.493778698997216
6178f5f217,67.38052244148554
2f02e9db47,15.606964682346305
39b8e4e95e,13.749332159489015
37ef2f90fc,18.185053453553287
43f75a74b5,33.17935637991317
1c9be9a0c9,14.607371100986283
7b077e50fa,14.523869238321254
b9b750a76c,76.11039411243331
c809a3690a,14.595251300328338
3ccf84f5ab,129.6640773867104
636466d10d,52.50823385961661
204f742fe8,131.373960330172
cf2dd6e341,16.437181327984433
865ece0392,41.431548289866825
7f3e453503,112.70328241149373
99694576b0,14.525395329898544
c7f9d3ef31,13.847341256783384
54cec41db5,110.72203854755423
a2ddd5ceda,13.985513777489576
f2996259c8,36.566599750609576
d38035c97d,39.90563475697391
3a5de8f7b0,19.77898359674186
0384f98cdc,67.88582108472308
529b1808be,13.58344002624581
75f95d25c4,43.52844642321143
12cff5a13b,17.677720736855566
d3e17c4d6b,13.649085190007945
6af1d578b6,11.738232525693927
9e2cb1bffd,13.835051529031073
79ae638dd5,37.200601076865226
e17b8280eb,14.85161961120394
6dc6806713,41.878189764655744
ba5d849b35,16.3156398795794
3a2d1e119e,13.856867591291103
22a198ab6b,132.9054388076853
8e4895ef91,18.274091036733743
5e89121518,106.03570637341812
c91ca7f7ef,13.71520199689527
03379a02a2,118.70973580793402
9143809e8f,38.59846536954881
1f81ea4b2e,21.815966697864454
412cd7d1b0,15.188120339268618
5bd7a41fdb,15.683844021470724
e739d428b3,12.432384766298526
b1d764edad,13.586247220067614
4eba76a20d,18.13701128933461
2ff79fa6e2,13.290186709972788
9e26bf18b2,17.761930678850604
691b94c55d,43.62376596921725
2eae58002e,18.019137370783675
baa188c754,15.993725866612397
74d699ed95,13.443009764907295
32d995eb63,22.130045527258673
78f43bfb52,20.465179964424472
83445a8e36,23.83292343766643
9372a503ff,13.770168550697996
81f3d9484f,14.433175418435098
b3d2c4c28e,22.89232726279408
2acbb7286d,73.35615892883283
0335aaa787,22.993409393314998
9f08bc031e,17.196914886887498
d342e2b998,16.29426796877646
ceeb2340a5,14.410086117585344
f5643de3f1,14.28156865246337
736a4cc05a,16.9420548880215
fc5f23c173,37.69046644242462
ca6f0cd6e2,18.06724295624962
2ccec90cca,16.926674661354824
ab5bc5dda9,14.047389873204894
045a4275ef,127.87001763063614
6f76ad1232,67.26006798092904
e08c4b0e71,13.762232517153095
8ec6ad8993,13.465526328030776
fcad9ccfda,19.41912716832018
1b407b3462,18.706958273856166
8204a31b81,8.42711738819446
07c2c0ba2b,16.53618408336012
46b128c09c,53.27538415085762
911c981246,14.797375632126458
b2e0036205,15.044384873359263
06b452f066,17.843775993222273
08e67bd697,76.5601565205399
1f46cee216,17.043235985133062
5219ef21c0,38.82520324131211
303d06e937,15.229812314021796
79f3ae69e5,22.84869592143
18c6fa8306,15.624330120836628
c389f52fd3,15.912085346365943
97b3cca4a8,129.1011145048791
2f5c2bc5e6,90.64250721306436
04aaa519b5,34.3626889901534
b86dc0422d,16.77713163854676
5727f369f5,14.234003906246844
7bd07ab771,35.47856001021387
5019aabf76,23.73544418192067
d03975ac38,15.340914487534626
2fce491233,14.745520227296579
5a7959f9f0,14.093192276286132
30b76fbd02,34.6020868391398
6f33e4942a,17.893122345442016
c2c662a15c,14.9741525853617
0813d5788d,14.694773993575087
a2f361e549,16.394541320602347
3e99626e3b,8.234523290010877
f2b5e3fd70,39.66747653806623
b5b66ed691,10.504846319373549
6b8a71e166,16.89879709101218
c74b34dc4b,10.290859595221585
ad17da4b81,18.720953724148295
4cb22b8e9b,13.694127199783537
36db0ec3b8,13.655486445408549
a31a1435c2,15.647474866169294
b61338c319,17.16307113263207
69fc106dda,13.09707207615266
ddffb7496d,121.00144159681803
6bd55178ab,76.05907064321221
7eadae36cd,37.4530978777381
06ec59857b,13.69105547621804
d986af5a05,13.816846936798004
a5351dd1fe,22.866182976231542
80abda606e,52.00130409090167
f81fa97fbc,8.538187251346589
ee748c307b,5.619262581595368
4065012473,12.384042667643724
beab98d2c2,33.51647776504393
2c44cc938c,15.770963659846819
bee02d4dd5,14.760477582324135
9c87b941d0,63.974254568995875
f587368275,19.758917761832592
447003eb3d,143.94337678045395
3b7dd7602b,41.455438341282495
c0112e236b,13.89497463360425
97326b5797,16.687564738205452
de5a9f8b21,36.65819316022656
3b0beae69e,18.835330475804255
9e7e5cc61b,16.2164124121647
f2b844bd43,15.093031049286274
90b24d8e9f,13.110156110348006
cdb8861dab,35.671280539183456
2b891aac39,12.405413268405114
615c737edb,68.12242263155535
a1879028c8,19.23335578774695
840eb96b12,21.562702398017468
56aa163de2,15.84272279722623
9738db55f5,51.9467520606832
b883978850,13.4450998759024
4cbc73e42d,34.08301296304712
e137a0124c,34.183210413399614
4f70e8156f,17.21356602559929
c96d9f624d,14.620426607359928
1479439cdb,35.57105209546682
4b8ab5aa92,34.823856886431344
a47069eeb6,17.308737295812257
a6a518dd27,15.280186666403194
6832d989ea,13.133408072169594
7c152baa22,70.49970507807254
93d2221b00,121.52522254687851
be8c776111,121.17297672759585
344833de0e,13.5491046167729
232da59ba5,14.98021884200864
d517bd3892,58.19608758943684
9ca8d12bc5,15.360672579852377
a553f47f45,112.06536396666621
901d49645d,36.59125527029205
46a680ad75,33.95921187281329
432e01a991,29.886799962889047
558ad463d6,32.31614113857101
17dd337edc,24.880179136803356
d8a5624d50,14.645001990770732
cd61d1084a,105.73053458137409
9ccdab1de8,14.278561823723036
8efd6c49e7,97.70337778798478
7f8fed7e45,12.763256902612326
732834c560,12.312452118377532
1c968b25cf,14.82754888654619
ced5d64100,51.37107399441947
07920dd590,11.802925257022167
d0a13fc1fd,40.76407239129689
158abffbff,65.83374726221295
848eb0cdcf,16.8085038653554
a776f521b6,16.28570666539881
a2768a916f,11.361154692233889
6a1e21938d,49.73276828929018
e1b3bde7c5,21.98177390858794
fe39ffc717,48.14145693556688
848e109fc7,14.801326778429333
54c43f3e5e,16.28568958528662
8c2f6d6c52,13.242767526260302
252f8de80f,113.13608110469104
cc29912a06,67.87012129827573
41eecd2a84,122.90322619678209
ae54ffd97e,21.64252569701841
bfa51b4ba2,11.57356884611983
4918b2336b,15.437838474673093
ab23565c21,12.756269258762053
ae58e2fcba,59.9384787670027
3a829eef9f,13.910094149620647
7d948926bf,43.97051349173678
7255023ce3,17.32771266206274
07f9bfd1c0,22.162028775284604
2ccb576cd4,9.775936726858133
702976a713,66.53287597229865
e6f29423ed,116.08791613852796
c982bcbc0b,17.924792382578175
4567dcced9,19.236939719924575
144899a77b,24.199646138834986
ac7afd2f54,21.2542943780765
197399ae11,13.660829100196397
692be9cf79,15.874203171960051
0448e97edf,34.46121067612696
6f925b3130,8.418749428133715
6679f13e14,16.735344847850563
8643e400e5,67.94160230660786
edaead7a80,13.925142080734119
e3279d5677,125.6409548131069
6131952bcb,13.502107769689202
29711bb2df,33.90410478855831
90ffcafef7,18.722537351338524
b11dab46fd,119.8190022698866
e4265317ba,14.851070052588938
195f0f1154,14.694920032012783
bfc941cb09,49.15289055756483
831c1a8a1d,14.961824819480865
461883191e,14.40051860964213
1cfc28e233,69.4746268766379
e1a2a9d4e3,8.386264839070424
2ca2fd0b3b,18.953665728704156
80c69a7a0c,16.434963809454526
44cccf3a1f,36.895726043108354
70d3416516,36.61410586744957
ee97989a8c,61.54287128198597
6639c4a804,13.167133949673708
0f4a00ad72,16.37912965721
2974827ac9,22.882508927053962
a752f56d87,22.102116647549824
3274b1d6c5,39.7700150498004
548963eece,70.72581010878133
acf478320f,22.638213041559524
6a82c26b0d,20.523784832261075
ce189c6035,53.14024544783489
79ba10f9bc,13.995962250064167
076e0c7abd,118.86665546877603
aa2d4c82c7,54.072377204612536
d7b63e99da,16.39449089842338
8bf0fce7af,16.495376480694425
138a0c3300,16.26822800214085
940661cbed,12.987710749317356
830b15d118,40.130539614493316
ea832a1469,15.469909996274312
f9c584716f,43.69238203831818
88c90a3cef,8.969131357683683
fdbed6e95c,15.92689311292714
f69ad1b9e5,15.821165206463457
db0b07c69e,14.862726744080447
354fa138f3,12.8719343573061
4bb4f40098,18.606202098231034
753e3a4848,7.0281206001789425
ec9954b168,9.930984533935643
124174f040,39.75640916163138
fec7bf2d77,14.61322848238708
9bb74964a0,12.096999092974928
b86a0dcde1,118.2454739163074
f31421177c,13.64146094031509
f9c4a6def7,30.346608362785975
efd7f0b0d4,40.64338086144356
d027bca0e5,67.02121342465284
f4eacb580e,22.740214638713336
b3b63bd801,15.251052916718841
30271f271a,12.024981819550003
c64e2b4b42,8.97513323504476
bad16bc57c,18.619170488781393
f03f4d895c,53.128838003662196
0d66858b0a,13.157422002573728
6c1c8c4446,119.32302181135651
410ac1efec,39.546034506121316
dba90b3dce,14.210394074551969
94f79fa0f2,15.075327322931656
e22a0e2bcd,14.851699724619149
76cfca9509,21.509486905002184
5955307c11,116.74409578638077
7f49fcd4dc,22.073413744025842
7a7c581c5b,17.21510570432577
0ac5f16d29,141.10880100362382
d02acfc859,14.29736098084477
aa1cde0b2a,16.68798948997948
2e14771843,32.24798021792824
bdc776a3f3,33.129967612319234
afc29ab54a,14.288214494184622
ec884196b2,10.216033751855324
14fdeb6697,16.86999544742335
4504a646f7,19.572503753526355
13fe23c1ad,15.600742725829072
7744fcf499,18.03155295465642
8fcaad8289,14.76725465618922
e1479b6eef,13.933050374998157
2afcd5c70c,57.577131217116616
dc267b8c4c,133.44962734071106
22c6f6322d,39.7968125567049
ae7c46b6a7,14.343613726365827
1e9d8095d0,14.827692500646638
5856cebcf5,13.320729385396014
113433cf24,17.334007476323286
18f48c47b2,17.830285427936964
30aaaf4809,18.869332212646775
2d4b84f8cd,131.655664937345
5921d07f52,13.99347339397357
43477d5a67,8.422267296850954
8452b925f1,16.137483154431145
048e816894,10.942100544490422
0850290c07,115.14672453747228
6a29aa8ef8,15.012761321859985
aa1b098974,14.08620485824322
576b7a30da,13.902315792154717
f1b384a25c,13.863300619808475
6d1376f177,65.12097618984147
1be7ad6aec,16.164284170344963
59b7e0679c,12.021685397161066
e654cc2a5b,16.133061891701722
e8804ae06d,14.585870584966713
e33e5cbdc7,32.35253745098281
092e700e85,12.516196657540274
ef55897c51,8.394424079600734
9f3cb60d10,21.187650499892218
93cd220ef8,15.38225067285515
30ed3c5886,16.50376816101557
ecedfd7215,18.72608002465902
02f7027003,61.66356456549449
c89e23d84d,14.469415907583937
d3035d64e9,13.906588170958837
57bd7c742d,13.357924114247332
e48efab5b0,18.27531040241378
c012bfbaab,15.192377174507891
8a67b13e68,13.91449174038732
862d032878,123.29818626778088
2251a43047,23.10753932102211
8e8329b2ec,67.27773515450855
d42158b2e9,22.437607826871215
d5ef447008,18.558996938779224
ac75d29bbe,14.314029154720226
bb854d886d,22.48477405157001
3e0fb39398,16.929001480522217
1ad406d232,39.9097349696294
338f753d9a,18.587822859513217
1e91322228,15.554197941661593
dd44870801,5.793083157029063
a15bd628ec,13.02618768706386
30c2b8afe1,13.651162713411653
37dd580f19,13.418385883712038
1115d2d3c1,129.88864011868083
201aa45ae5,30.178151432153914
380d781333,41.9493221283098
04edc56e2d,32.327855722484884
885335a72a,15.50473370502618
beb466cab5,13.844058148037677
cf9d17ca63,118.98135379588982
6d39c6bdd5,14.464806043451798
a19a25da27,119.30826387031748
11d1a92674,43.70592711441207
5c15bd8d9b,45.93891663118866
bc69bffffc,15.67993202052763
8e8f2f49c0,14.927065639149344
0cc6875323,37.287533732615856
c8ca0e6397,73.93811809685478
ac2a57a336,14.670723415122106
9f2aa2059f,14.351547196385258
e22e09f7e1,16.8858496023282
b8d6e1d2e0,13.409532013049152
c97a077853,14.168560970647157
77df4b0b29,43.61820303836175
33f78fad7c,17.997929266334125
1ee17294a0,111.28149985352978
4af99cc0fa,11.46595450759936
a1b44d1d22,18.631888752344892
9ef135b70c,22.21418835324596
5c54f31c3c,12.666049130261184
eaca67f78d,5.508829019179434
7dc9da2c0b,33.507869898642085
f896a7198d,12.144767018899248
9655ffa0cf,19.785978938692327
8f7b1a7dda,17.188421462892563
5a42ee9b2f,81.50194528025735
8283ecc6b1,13.70043464421451
f188d28fb4,127.50247549898069
b5745e0876,23.59909075041297
d806f6cf28,13.403075144162274
e165edb97c,14.28210131367346
987e88a119,10.263286558803005
39660776ea,13.955545144724802
251f76909b,17.743955599945473
9613fdce2e,39.07584948821466
4de3e4bfd0,13.07252524162902
6c91b233d7,13.83608269818688
2483558f59,35.72446161900042
bcd09eb247,16.869452606597324
c9255ef5f9,12.16282685112674
e77ee9c856,26.123087077551098
c7ebdd9abe,13.31426373066464
59ef46b19d,17.080480019487766
d818f037c7,15.904254861751543
69c37afa8b,33.129967612319234
a0e315fc50,118.73580674682223
8fe237b880,31.77048290422529
6cedae3697,10.106121852522701
f5ea60b550,22.97820023721831
999157b768,108.67974844775156
b7058c35f5,17.880447153322283
a57940e25b,13.908223966881287
e7ba736e83,74.2516169353686
44d037e390,18.74844211768586
2a9e80bf22,16.473205405345063
4b27a80d2c,14.630807199877236
ce87bcaaaf,8.977419634983558
f8def48921,13.735353767647004
3e6adfe18c,13.58320317661501
5eff3084e9,11.105992445059151
695e569155,128.34328877167331
135e21b8f3,18.377848554753317
5b5730cd6b,15.074613502081483
0cc93a8073,12.053951419624187
48b7da0cb2,10.398948118988358
098bc51422,7.243781577916119
47e3ceedff,15.235764710854436
75d9940cc9,18.17741121613053
7f6890d64b,16.14612379258609
3c0c733623,21.431852445971437
4fda2a1d2f,35.61502269212188
cc0b952c2a,60.29457232522143
b4b8085ad9,47.32213811048203
9d5b9e40e5,7.514184922133945
62d4ffc0da,21.23090703285086
cfc353640e,15.921486376335876
c1b6fa7caf,18.16058117493062
8e439de96e,23.37755211337783
987439614f,131.25847289316516
428ad776f3,12.000976916285072
4302d8dc3c,61.87435649200572
3bc8b9f447,39.37219574828699
cf9488d049,14.812152103143458
6bf089193c,15.183672558980827
19d864a873,13.61090660318335
af48318e00,11.008993675808735
f83d7cf207,30.433980921033978
8a0ce99ed7,14.162820656753109
8882fd4e63,15.974454546084711
d656427d2d,32.64645065242044
e5058d374b,5.317455647746993
a06651a6ff,16.90686409776621
17bc3d9089,14.678210159780775
29b708cce1,44.23273727309282
e35dd2adc4,10.345431333003194
0b8e6f474b,16.34885943523559
6c995ccc43,18.44793681198072
bdcfcbdaa6,22.288849976760986
8de9c18638,13.28723064108021
131bc16bf7,32.41192804709749
3ec4ab2af8,14.010752234942288
b9a24ec379,131.18973095389296
4cccf21c21,32.087546680061855
0a0f37fe9a,71.26162468205962
0674cd39c9,14.714325340286006
4b965683f3,11.810261845717864
d4812d1974,13.728224141115152
5bdb732b07,17.073017822141757
7e0574c79a,13.593074812213636
f8a984e169,9.67857896939038
4e415ecc47,8.933795195365473
cac883e2b7,125.35768969182931
f6bc174896,24.95083140064406
a14d20a3e7,13.602541269772745
97338c8956,11.942887913562583
2ce2c7fb10,62.397851907989754
710c635000,63.46343027434814
ed7a19a2e4,80.77105448976243
62e8a4ebc6,14.123470772130311
43dacd41f0,15.730191589131216
be25f8cd38,10.82253923930816
cd81eb3bf0,17.636081648604215
5ab19e0a9c,24.604633025995994
9d3284afee,15.8854525117972
e65eda097d,18.08422080294394
e705bd5b90,77.25618069782351
9767613f52,17.213190452883
2d27db7da9,76.84429035398416
0c9ec77a51,14.96945584611144
440b6f63ae,12.62745116550628
20771eb9fc,21.98177390858794
588269c59b,76.88605576581017
fe2dd622bf,40.768161274604964
d22b638c44,13.833484941486965
81fe9ba90f,14.073057131155434
74350f85fb,33.68987088686704
53496a2edf,39.477339249495294
3a42ca40a6,16.912066575476075
7ffe73909f,59.9384787670027
723df7b98d,19.993572361937787
4c06b6b31f,16.59093890774298
a73fdb74e8,33.129967612319234
1cb581f634,106.41842941397321
a27fe93894,9.08601368574003
54004a57aa,12.238774697000249
7937d53af7,15.726561658727766
31d8616cc0,14.129296579762222
466ff13fa9,47.45710991880626
b76cc767bf,9.165721504662176
feb9d4d84e,30.224134555622044
3d9034bfc7,15.173348788279954
a3b7d7fdca,79.65383100504376
fa2b8f9ae9,14.955320922244363
60e3bb6ac7,38.52336432228109
f8e4683925,18.172035893510866
0a1f4985e4,28.887925106115606
3acc760cd8,15.935350534144023
0e5c5af9af,14.83025241465784
29579aec2d,35.08349348499486
a2bcb91337,34.30786269364425
7c38ebd29a,10.739680830294628
c355ec71cd,9.163377132984287
30ee3607b7,130.9727691895915
2b2ed0172d,51.47271290276562
eb3751146d,13.84021241059185
21457b53eb,13.781978392195166
bcc6fb48d7,16.365463248380067
b05c5c83f3,122.17405305164611
fe6bbcc7ed,14.417447268206386
e5a7eeb23a,11.382202085361381
32be3d6a43,19.390890297820434
f7ce10abd2,16.472246249540134
d13ae2f7fb,12.394915868750271
a6b94468c2,24.989770015996633
7b3d169ca3,57.10770392399965
9eed739fc1,33.43455916129805
ffaae37bea,36.30579212358094
6a98a038c8,35.696966902247425
d0b5dd4ba8,11.839321751823638
e143dd7b30,32.095594479745145
3843280a6a,31.76220773978931
678f35d22b,13.374810759592865
7fd8f37399,128.54962489560012
bf855a9f65,14.768682172757885
dd450e370a,9.457956081233068
884d1dd4d9,124.78261260403585
7d9161ac36,13.619869713472374
6cd318b711,17.68566844375959
06b8260382,15.494770794793844
3d45fabc70,32.31256542103805
a975b5e23c,15.534679818804765
62fdb69299,14.706089977782632
8407836dfe,38.76943844859178
c0e4dec6b9,13.445918495721576
e01ae81021,67.35623406096434
0ad0c2db20,20.926849700229013
457737a3a3,34.95342202869179
c62d2f16bc,17.99018899016398
a91551ca6d,14.035026981683263
c1b1b79c7f,13.642070354160069
09efdbd0e9,21.51555976317146
b999675b83,29.32186939769565
280d976f85,14.978110785952225
4ff001af85,18.25438154068602
c27a5f81b6,23.04458608874073
f5cdef7a3d,13.75793066321487
b5a679e520,13.856033332813366
60f38b47aa,9.537002470376832
53fe9d1c84,20.61589730314258
be5ea1c9b4,21.956155893642414
88631a0364,15.794648069188622
ea211cf56d,18.435983285081477
8b646f883a,20.43705807387646
2b39d4b8ec,12.833580288460377
f06dd07292,18.07336054123597
f66aaa6f6e,14.842966364740505
289bb0f89c,16.281660506614678
87ee1192be,10.623347998519638
0e5f787e6c,41.2793267341883
6e2bd22ad9,16.4871639723374
a0ca63e088,12.4551719093016
d664a2b03b,20.460025947556936
a646fd4c0e,16.789518428754867
35c99bbf2e,128.36312733007156
ecae312302,40.203152309157545
9f63c69711,14.74582681604111
08a198f685,30.132871427782717
611f5e491a,13.815733548298134
620337847e,56.25938258175599
202675ac48,16.829267452034557
b5965a1b38,16.46398888836834
4dcdba4bd3,13.535158467617974
b00f5093ba,64.49329772815348
ef6d4a0a08,45.11370585955678
02ff15e5cc,17.23663258770764
388b576458,16.181851312668925
3f6197d85e,25.034506114772903
6289d4c56d,39.10277204342044
73479a2373,15.465156775545381
eff697a3cf,12.818815203639303
f48c82fb3a,13.337748408645808
0119590ad2,120.94755636619152
f8d67748d7,112.46730094771218
c3c159072c,17.572476276554845
3939639df1,14.367753156662964
5d0acc8a53,12.133140646431738
4b5b93f717,16.185200247130734
12ec8f05c9,126.88204004760382
ae37342f45,13.629012213865508
4d7a14f486,13.741460460343532
5f476e7327,15.178271052676417
e95500cf0a,15.334205508079158
252a5fe956,13.173319593338721
cb36157940,18.524777893041808
5f22caefee,23.147233151132856
a5f148795f,59.84236258956131
8f02444cd9,49.75461332790163
bc56ea7fd7,17.061796407759672
089ad532c6,123.23622078908423
b17d84cf5b,107.59161869116485
e6bbfe62a1,33.9374016230848
055de1aadc,17.90150766166446
4e458ebebe,18.574718102953128
1f3b7522c2,14.062912676462108
127e61f763,16.73338660240131
a9ce85f45b,11.108984601515122
1c3d412829,18.038347015573226
5ce6194f73,12.915613153237995
ec36c869d5,20.6592338435119
87793bff69,12.914508765790188
3232d3fd02,22.129245590779938
d2b482565d,43.13512124558441
c127eab1ee,13.029618555467529
24e47c1a7d,28.146607119442216
e53a53e42a,66.73099906046299
b11916f406,70.30150376794616
700d091ecc,18.67305340036652
4b863d6ab6,14.466179379637854
ad24f7a837,15.976179728825787
4ee3ec564c,18.539232124008567
36dd599e68,15.709523319677835
d9ed8644e7,31.561761684923027
5c6bdb2193,15.722775976462351
c3d5703263,13.54460538100315
9f27c6a985,10.445336189475473
95818fd7a6,10.918613225785094
7874efc381,24.34984394331201
8639e0aed4,8.272637954166203
368de6643e,20.665575079974463
ffc1dede67,18.130762606717184
0d02cfcd7b,24.067101365379006
89b9a660e3,31.940145774468256
055513178d,78.7113237802856
3263897a35,47.237051844309775
731d42ec67,130.7055044389706
df206222ee,75.7334761438584
cfb6ed6730,14.708980543850824
6b2f73b24a,17.66522212572898
d497c44c30,12.342592558205714
21544ae1c8,16.52420368240061
0f9815ab1c,14.481367494798235
2bc73b9c03,30.87993717583022
e6cbd8ab37,16.735552521970163
a99fd081ef,17.76985158541445
981d4d476a,17.71155409362205
7b221034e3,16.358658765763582
42ad46bf65,17.087108760427817
5fe997cf61,13.533143060135522
9f41f19775,13.239505181467823
7047ce4337,14.711501983124702
d5d2c9c9e7,15.416231536675856
a29725d3df,42.54288308726265
65413d732b,13.078634454101447
4d3ac32f56,12.465690228332987
254e346a17,15.256163670193004
ae2434ff0c,14.868570848350668
ce2238e403,13.00850978709693
9b8e58356d,13.574252835693597
d27c1b93c8,17.754322047110076
36de246b14,17.456381168718753
a2cc4aef47,30.137647083798324
70a59c4000,25.73258695778346
f38436e1da,17.501156843918096
478aea558e,8.39096506262647
bac0d93459,16.281584624212122
3b80240413,89.73769429791078
ab3e85735a,14.68216265515553
296104e4e7,16.216282792637678
cf3642014d,12.927471789920281
32b179a121,34.81000093964258
058fe3108b,17.177853178888114
b8ea739039,34.62563187930647
f503b5577d,14.719995243430098
03a4773532,76.50083420681665
73a819e34b,15.208235427130907
dd64ac5410,117.30972556716267
3ba68be575,14.02676947714405
60a4d9dd40,128.60099660147938
0f9003e997,13.17205050712507
f6a45e8a0d,13.564036237036516
0fff5cf42a,11.884137292694065
ed1d39dbbd,24.738664227747655
cfb604a80b,18.489000551043837
313513c8a4,22.78498624656281
c8ce452c63,20.591411177685146
d4e15a6f68,14.023958805126753
9d7f06bd21,8.801330115282006
a33c9d0463,13.584654283611703
0d055d9181,16.247867008629765
d64f75f6e9,15.893197415360465
7cac5b61ee,13.816618178850906
3f62c591f2,17.8485741768762
f53631eaa6,17.883289258881042
44cc41de99,12.315958024594458
32041e8e83,22.160295779037593
26140a46ae,62.507531924149234
7805e37662,14.163679261779563
96f56da74b,15.872250558808066
cd611af6ae,5.536798212046807
b1f18013b9,12.377083300199772
fd5788162a,16.509324295326444
5c6528db29,17.786707314899857
766f4f4295,40.96500607056534
1a0bcb1209,33.415156234740905
39897e0abe,12.374236177495034
5aa084768c,10.388511123584477
0dbaad27cf,55.773417220875196
41c4928def,11.923047227802087
1cd360e467,12.141820709258724
dc8e9e515c,14.49013222629248
3c1a667a1c,9.664398481836916
310dcde515,16.179635158676785
5021f313c9,44.015446725960594
b8f1ac5eed,17.03325951536003
7a1b9c7f65,30.97969433950847
c836c37136,17.443022792008822
dcc8ab95b0,133.5084772547964
5a472cd124,16.410119139589867
e5cb301490,16.42168426710443
5abb7c62f4,13.1934062390741
145fe3e7e7,68.46104479666329
e4892a2edf,128.13614395461363
7a94895494,12.214320104576128
209caeb3ec,22.107347223237877
405bb66547,23.154426202314625
6b5bb0456e,19.117779371162214
5837829300,14.574548816085517
0a97cbe2df,65.57729573406453
fbb6dfb156,14.05694365956467
e61f46c7db,16.166849016177718
c5e3227f8c,15.78691803038916
4dc9021697,12.689541291344693
386cea0c33,21.863237797673044
8a1d5e81b2,14.192739363507961
15dd375f0f,6.890438331900995
e7dcf6cab5,18.049411542580085
c7b827a4ff,18.584558978856755
b123507139,14.694734973551487
90a01d9deb,54.660856413361316
5b9847c3e4,15.306105055878868
03c175a3d2,17.4187731848102
8910f62e64,12.027755966972851
cc6e5577f5,31.777009144770844
8c78dbae27,17.07586134456791
3e7767d15c,18.181655830273968
cec6705858,19.206589404278976
7b1902d5fa,10.074771916660598
6d8f0c0b78,12.749179499385114
2e2b0f9ca0,133.4349266993466
61542698b8,29.427188187685257
767b1283b2,20.62683931321388
27ecc776d0,145.56149915017537
8f0f2f1e2e,14.094035920428283
0513cdc8b0,131.11239737299348
6669da21ba,15.261005208208665
b699257091,40.12221517911746
65805db00b,61.34072242800701
8353a65474,14.831973557035077
8309aa394c,40.70482039208298
736d9d73f5,118.8741361871029
626d368a98,9.686073568107247
932d538a0f,11.669389901355673
d521f1ae6d,12.52316841901401
f2c067e72c,21.472427834292436
d2cce650c6,117.1782137165123
208b643d9b,77.30933145434258
ac852db593,13.347345271693328
b059fdddb9,15.64789162595257
d69711854e,137.47523294478572
e2a893f73d,11.113190736268889
204716749b,13.655932059563373
415dfac82d,16.601137011287133
d11f675a6b,66.47063526832895
a4b2bd0605,18.15499408940095
ed29eaf416,16.18125904577188
a376dda67d,17.913265457004343
3b19fd650e,12.485793186440052
4a1fe58626,41.26674252168365
2c2376e2fc,20.59999148993317
1d2090d6f2,28.86556508952512
6d5c7e2624,9.463298645222714
a678deb971,53.1426844010621
ca1b80b3a3,129.38865801118823
6e6227086a,13.349425463166853
5f0ac77035,12.324231798942542
8883b771a6,14.729648882479749
be3d9d2822,16.14337817238266
b7288607e7,16.824578598958112
e20fc61b8f,12.107293899649184
b70da5f153,44.28016329831897
64971c4a6e,9.075814556036892
9f50d51807,8.777797300940154
bd835e172a,122.4435910082411
884ae77d4d,16.501750286542652
da6a06adb8,114.64541640214973
825061a4f3,18.928025526451208
afd8e9e908,24.8602773654114
f9c7ae2038,31.95359636781199
b40caf5af9,16.203277615751993
2a5b035695,15.234366798428345
d63c6b039b,32.91177766309554
288cd181a1,15.709052313559521
71b8c7351b,14.755211010605393
9c17aa59f5,14.075984464967645
aaf940f48e,22.7388720197605
68884b74db,15.294791213939929
f3e45adaec,115.20545988007656
2269aeab3e,69.2396877034295
006819140b,22.181095470781084
985e26ea35,67.23825580667211
7c3ff87d16,18.69773803135586
e09f74e648,17.828519292719818
9f3bc0598d,8.209607411040565
c55a2fd991,16.803128153138488
92283a25b3,18.94099098938735
04391014c7,13.280243063807381
322d792d36,13.694126954003572
f3b11d8834,41.65322687998334
b7473b75ad,44.55492036940042
bcc0842a83,25.174051690909213
01709c940f,16.811643839998837
fc1089d634,14.624488949785398
9867009d01,10.268239103940072
460684d031,12.593828341929415
325c08790c,120.95538135341289
7044262863,8.890144228406987
223f12d385,20.471433436437586
690d5de0c6,121.28553226760224
334a2619ba,12.084161360702918
aa6265cd18,13.506597206736734
2b310848a6,24.905539953204215
b9de90f321,14.823553437386854
62bec6ae88,118.79740197293061
3d66c2370f,14.131973328561815
e526aa16cb,20.981015882001778
187117fff5,12.651380222747672
7e410ba701,17.188421462892563
f2f959946d,22.238161354017404
c9e60b039d,16.01522750674746
7171fecfba,13.257797397210258
ec1bef9d94,16.01675120112949
b2bae0ca4c,116.60105108881052
45ba72d02c,17.35784250338284
f8b7ba7896,44.2468426384431
cd07a59c61,18.473625187038937
14702eebcd,14.410195756357929
2cfa4e2fd4,47.989605157837374
c859db01f0,6.548564048001348
3b58c363b8,8.687824913777929
f39491b1fc,28.717995068119404
77af4718f9,13.544387564603042
193d760e18,11.581896084882914
e5d343584a,24.701832189714818
6fef19d565,23.675928644407925
d0cacb8297,15.28877711783612
fc255b0892,12.929630809714592
fb1a9b0128,23.19778449129408
08f0bb480e,12.52978336414644
be6f73682c,14.059951329474943
a58f55e0ed,13.783925830054422
80aa421f7a,49.89532418339444
cb668107b0,20.253147248247725
82521a7b60,12.823251025828899
ee870e1232,69.52904318129843
b7a95eab43,37.34384641671957
30d290692f,15.227268360089663
b5a114d027,20.64563519281875
953ae130fe,14.224907648450076
17691e1d22,37.9080448661571
e1c64a626b,13.969488009913372
64a4aa255b,14.125003777681975
b3e3b47142,23.600065968845215
4a049b7c3b,14.221243969974317
6f76cc9bb7,68.57577287289271
f6f3bfe9f9,113.14359055350772
85147d7964,30.934158044706187
46f146150a,15.281053222972314
ad18c11021,13.819627201791628
a371696ff0,78.76784052321293
5647cb287a,20.670134978216574
ff9297009b,115.47642289201735
c42cb55289,13.19733631857158
09ca21eb11,39.864180717661284
670dc04756,17.874624885147224
58995599af,65.44257035539172
3e8e43c5db,27.749073833947968
5e50c6420f,79.680635549065
c69a7d8c7c,14.804015258578122
cb3afe3891,14.594342287274136
d04967c289,15.755755538625209
54ebc98a98,13.58982435169433
e4d699e7a8,17.205670904228484
115fcb17a6,35.33365601664145
cbd54c2149,42.75453758899041
6228da18da,21.809305965894723
c40cbd06cf,25.119588029266406
55cd506059,12.352624333767196
b908c5cf1f,10.326777093827292
dd93f23409,29.98705524847088
f55c4f78fb,12.979162133679079
bdb303c046,46.08537309970545
1a7355b9af,12.490869271924463
c635cb13e9,18.765915569017906
fa299ea3c5,15.364919572823094
cefafbab66,20.034177027651793
0c2c6b1cf5,12.104465378470238
c907804cfc,23.002444395259992
cb86a997c9,13.282118233392378
1bfec4350a,46.18806278762999
0cfaace1aa,111.67638997753863
726c4948dd,19.618714145392538
7f81d41f59,36.28439693728734
cf918c7392,6.684665894452193
553d605d71,22.585145088069794
d7b3a297ac,14.5824598881297
69a631c34c,16.488500926807347
ac65989532,18.022835409620434
8edd683d80,17.22475005848145
ebffa45132,14.717339587492383
2474465a2f,14.621614960014401
36edbe99dd,10.955292628361207
b80ee0ae07,15.193340602216491
2581c534ae,11.78156723103562
98bbbbe5fc,15.583968877759318
e4e5a1f15f,40.075864175824336
e200a74fe2,22.4177337026511
94fc33917c,74.75860494301092
6ca9bf3239,82.05946880373949
9a6babf3a0,17.90092242952724
f713cab09d,14.797481565930205
60bd596978,67.05600766832151
41dd332810,13.977099623820795
7bcc61e337,9.066346289794645
1ba05be7be,42.824593148391436
e85d366926,14.634326862276282
7d46e34a28,12.698127240192054
dcba4f5839,33.61393621455641
cc101bdb4b,14.714798768556037
edc9e6551f,53.914155608844375
0a2b7f40c9,7.8342239490680825
8cf0df31f2,43.36477983322135
bae1ecc491,26.691744364520193
766be900db,15.518903312900498
5c7b86bdb0,16.282547909273724
6ee04199cf,23.039024801616534
caaa72ef3f,14.529155498095019
70b190e54c,16.816146269744383
4585ba1a9a,14.720221646731463
c0de5c5a72,9.200948140736429
a43b8e6464,53.12576621868905
3e976e2e66,15.07004463920917
aac76df962,14.575766644002968
248d359ca7,13.456275086889754
e4f9125805,17.201623665734612
2d144f81c1,19.360161096745905
f787f655f3,11.948061928216534
f1a0f604d2,15.46690942958617
ae93869ce5,14.449325885082732
9ef3507929,40.06211730770043
11b6b792c2,41.90667755028849
a4364758f3,17.679405853552122
a29d2a6ad5,34.495730475088614
d9d710ad9e,13.894093812566318
eac92c6684,8.641511739129397
687c9b225c,10.888443170813563
e87836a72e,45.90038482141101
b06215ed38,13.708866958825435
8b031480ba,14.9163204414774
174bf85e06,142.54216106436297
94b783adb7,136.37494010557083
28e3ecb476,14.570534429215783
a0971c4e9a,14.60391746335754
3c9545bf62,18.580349112937814
e89ea02ff3,63.16817054328706
18510bd200,20.058471895877798
7155aac08e,14.159754580267261
ba76a086cc,13.835051529031073
527005c6fe,20.842210538603815
4688ed533b,33.42719022043928
2f0379dea1,13.182067465230697
0e7be0ee19,12.468839677885462
b9af3d08d2,14.261251065528382
e548df86f1,8.095370754279745
ec047d3e1f,8.470405851020464
fd9d61104d,12.245665814752915
b9a6f37280,15.235169207171277
0166eaa358,38.64440204285552
2fe4608df9,59.02009571557414
8ecb1724ab,15.305762450752118
0345d3f191,120.02037703275545
0cd0a8dd9c,60.38158510125749
022607202c,15.698380108975984
732566bbe1,12.098952639159478
d424d402e0,13.255279666527024
b4f605deda,128.36652581717564
948c43bc55,22.045750302113934
b44b35fde5,11.518981606022146
a5ec6af463,33.479760996006725
bbccf1fda6,17.16465783661966
67873cca71,13.046200990289455
a907c8a04f,14.718315768505317
5f8bd61666,78.45209355322672
f4a809fdc0,78.39964817505016
6d18c71dc8,15.626808982449402
2bf324ef8d,16.164001143700958
4f47baf299,17.46065417701039
086c09e8a3,17.42724695754095
62fc4311a8,13.23657574423907
ef19395e0b,12.577431534140256
cd62f3091f,118.51475673331527
dccd57b7f3,53.12576621868905
7307e4bfd1,34.952356888725944
d8975811ba,38.229411985835334
609160636e,13.443009764907295
a4b7c3a13d,43.628621957383515
bc3905bf64,59.19855114969062
b4b6dc2300,12.508865743618983
955e4b64ba,53.72017073372815
755e84588e,66.87858836984125
9a5cb810d3,16.48689515904109
f0d77982dc,20.72090241587257
265902e672,46.859931526338315
d98b2dc361,18.38863531875288
bedc2e2939,17.010509164640865
263bc34e4f,10.549724012509387
8b406beac0,30.836682905943356
c44b50c5d0,15.00657434412489
8d6661833d,14.277486277541039
9681129c70,16.16094902268261
e8b0e94464,128.7100627838451
ae039130f4,84.14742509491259
c8bf0d89ef,34.821065796506986
9b01698022,120.17243432019548
275758fc41,16.922750676995076
d21c0e1e63,17.70273803455956
2e551a7483,23.262522739607817
958d527fba,15.541756849724461
9018756514,15.119341953307632
f38848c74b,17.75370195114275
49630d54ec,11.965628271265377
140e967738,32.47855108826894
cc575d074f,18.334632979171833
f59ba85fe1,23.740763161803397
36d7fbfc4e,20.834546809256025
3b3cfe41a1,15.860539303148045
c8f7856c6b,14.246634456694075
3a992044a6,15.472689101616076
9b9a1b075e,8.95774623931967
2ec2b56224,15.732191856615074
e3f84dd42e,23.495708640995844
4cb877cf28,14.071636058663065
7f6e19beaa,16.65819634670708
f19c658732,33.98437464630029
ce4c508175,13.81418332437963
38dfb1a05c,11.685791922323787
220d2b9503,17.257216824916604
a4d7e18762,14.225830082890216
3e21675cdf,21.040531910970124
0f95cb47ec,23.743060703189595
71df444728,21.569211562158042
6034ab5032,20.885831834618322
84c5afecd2,68.26141792827812
110eaa7a4a,22.691056278014656
1725490a96,41.75048242542305
584a15a89a,10.566569879633718
220703f370,15.474888653798121
6dcf4d2b8f,119.60851613314792
b398018daf,49.26811061115366
6ad6c621e3,17.06390018165385
00ae328207,44.668570912246025
4a380d3350,13.532116045964063
6d804be3d7,15.097436245340912
6962e942ed,8.386438621893495
f7a057f263,16.7291252710727
13f71e2358,17.63914929610268
44c2d57a31,65.92839764985052
e2a85aa7e8,16.364621867502297
786fd456f9,8.626522463051113
81acb356a0,12.55027577945362
808d306fa7,13.958690137671674
85d3e008c8,112.70328241149373
74dc18bf8d,11.747315349443173
d569e2756c,14.614476007849326
d8827837e9,13.539152471446899
778ac04a74,23.3887922588745
1e2aebc5c1,117.9030008198921
f3415106f4,15.63045461729659
8f78161d8b,14.699946472649213
36bacd7799,10.791914107365681
f2a45a4df2,15.835144781898777
18aa5e3376,10.815135323717193
5d8f293e6b,120.99463253585017
a444f1b4d9,23.43248778735417
5bce4630fb,23.83873497992871
5814c0723c,16.88459733835497
c01936990f,39.85797634135299
b3f5352c33,13.32466513556621
ac134abe8f,14.421489609929601
7218c4fca2,16.674387415212344
36df2365ec,15.254601433587927
c21564f86e,13.6038445397195
cdb2b5fb1b,13.935061696709955
ef6d4d3b15,16.18784510556968
01cf29852a,11.933510323704258
a28d183c2e,19.562548119519064
9859e9597d,16.01170091581392
68b7cf942f,34.11986654858857
9fe982ece5,15.033545817443555
a1151d9953,8.821281534577427
f691c7886b,16.440510340775493
95d3d4707d,14.618712383238966
e6c541b2f6,34.51693117175088
0ff5daa52f,66.4676088148511
110bb4556c,20.228758717527143
1dec81d002,13.745261517472027
38e09cc9dd,74.8490601125671
8fb27a4509,23.576471691600723
bfa91328d7,14.060402495972802
6ff7161694,17.807157036594585
a92f109605,17.991946881170243
bfaecd4bfe,18.36116001015781
fc6119d2da,49.1247237334705
0650cc83d8,14.527783150520886
43f49d4469,66.17322251626676
2135c5d8e2,16.611790577521642
1a984b11ee,12.354459646195666
5ced33958b,10.149022641862405
3d5e3d85a9,15.164171856615306
9aba9bdc8e,35.15868885838512
2a51fbcedf,13.419062636787299
f4376b4279,16.008967880872433
3881a9eb46,85.86796950243466
02173846fe,74.54326556528562
8283800e95,37.437043918340684
b3f97fc48a,24.5689500878586
6ba2e72ff3,62.94001461510178
c47829f554,31.902634150367103
969a2b964c,11.780264352761677
5bceff5c5b,24.61421477202284
a6331a4faf,41.436839815796645
db09494227,33.1303246864316
896fd67eae,12.780383533253504
130ffd8b57,12.298334762887425
09e1878c2e,13.225096950189617
4f8cb0c580,11.938571747433857
18eaaadc7d,14.24368724542851
7aeb90f56f,9.991675651406872
c56b7ac237,23.371366289931988
c68074dae2,38.68133315036302
3339023df7,35.83932758154827
7e701164cd,14.463037810747096
b13cde6744,47.346225534049054
6a28509a5d,56.74995145148753
59464b602b,15.957222068418972
b84c127dcd,14.043814700455755
a4d639a0a2,74.80032843430932
f6fed565db,20.827177854730188
67e5b57da7,16.185090541929917
4b4a6ec943,18.288736022142036
f815ce787d,14.031045772163528
e1fb9da26f,39.16745430017685
ae8dc3c048,14.195545610668228
9c4426e6f4,9.587110705815254
77a0aba61b,18.036655671760993
34d0af1af1,101.24922844359239
41e6c18409,40.21598691540813
9c1ee4ee2a,10.792621422578554
0571729c3c,10.840448434440848
37004e9112,9.129350027470082
ec576d87a1,37.680642466074076
d1b6ea6632,14.095660452884072
c385e02603,13.828997566724029
ccaf2735e3,18.530643650683913
76e415462d,14.833631129480978
9739823d2f,14.160270316456462
398794def4,17.064480433660016
7c7d4dd6a8,11.812242172639221
6e6fb8c7e1,38.36326640264206
cd4321f838,129.5649327047006
3b64ee99a2,17.50061901687061
b18700d01a,17.7451467792443
c326999e8d,12.853640585025797
b67ecc0d14,43.874365673983256
9526d4fa8e,123.93318675364591
a83d80974f,18.317382736143593
42d36bf63e,8.925123395155422
7600a97443,56.54784358968794
65c12ee389,14.936844585968801
5849d0f790,38.10853044976683
7d6b1e41d1,14.697669982662246
e9ae694f15,8.708015873009607
73cc6ec76f,70.19792549600837
a7d9642b81,20.738377342859422
b63a3fb6f8,125.20055704106827
f6e76f3a75,9.733033520883385
c6b42c5316,12.285960280964968
2c67b0e1ca,127.99799845130357
3a614141e9,83.77592477158038
01d0633a8b,15.42566227524336
b0149b1763,14.367346493198731
a62ab85c20,14.643931654636498
ff30d73935,41.7210752045098
87f0907a58,23.3200705438515
c643feabf8,11.068053454196567
c3081cecaa,14.932202294503469
8dae44c640,9.90705893181045
20bbef7668,12.822351735397516
bb71910028,18.38735593969696
9a9b0b5a7a,36.29306066902906
d0d07645b7,38.43914290373881
aa86c93c36,17.767953355253873
865f0ef575,25.2489770315806
fac716d578,73.07240828173948
7ba1c29ef3,16.179267150044538
db6e557701,14.07684971226273
31b2dd9041,20.438913125384644
e3b5511c8c,16.423348796326913
c3b26717ce,17.390442642767795
9b286e21d1,20.402614340787444
98d9cb0a6a,23.550252632844668
fc02aae7de,11.81223367608914
1892897c0f,18.119371107318187
6c4ec952c7,15.039135490342764
fdc844204c,31.98436267494945
58470d51cb,16.794592724441607
912b9d1056,34.08643450713977
3e2fda6f3e,20.034177027651793
8d7065a2de,40.46379163737279
856cacd2e9,16.39925126173182
0133bb3993,56.42351294338893
c0de89347c,48.115803846450376
ae3f090ec1,44.26456296372391
95d0f6cfa3,15.21624316198729
f8f4810bd4,17.776301424046665
e01eae6c8b,114.3952921101777
d242791c02,8.296847839457065
612009f0fa,20.266940182571844
58c2fe1ad4,41.5819218344937
ba7283e84d,23.333572122238103
aa58474d8c,34.601401655236415
363ace94d9,15.670483318857698
96b543437c,15.329029193387314
92e5c22aa1,8.93927286325366
4f8c19d3c7,13.30026988992056
e55471f289,19.2717982538729
c9d79a54bd,70.57133329783335
27e237cca3,11.701205985515841
3a6c2c948d,13.545194398339781
2d43b8a911,16.44721528335946
4e97aea96e,18.283543730280314
ead61501dc,51.89858374995231
c02bec9bc2,20.85150473820468
796af26915,17.923975686756105
33bc5e3745,7.051658641302736
130d4ebb90,23.039024801616534
1518262270,18.053862662530694
eba90fae4d,19.22699107015724
08131ea311,25.58707849450773
1bc5a64c53,14.589671053357218
0e43a94781,8.862600732504609
6712ce98ff,40.36927429619348
229a3e3beb,15.150864625207198
85ad2355e4,13.639281849883838
cf01c8ae40,40.22300070065518
bcb2eb6478,16.30864061371695
1937e415a8,66.48672321085758
724be197a4,13.996519874472801
0beaca10ed,77.29364983851558
73641fe263,13.316563575345565
8f160d1687,18.248705099162763
5c1506120d,118.27169565149072
c0931e9fb6,12.53358831810858
042dd884e1,16.12098474342712
79aff245bb,14.616452965619734
381e5b7d59,9.457732036600873
53c6e8f310,64.03046142911609
4f20d53970,13.044854498028906
f5dcb33cc1,12.429454220557204
f2a86e0aaa,30.051843878752692
1f1b301e93,13.928844096988549
9d1200f19c,16.03636976392538
b3628326a6,19.736603290606478
1873f7aca2,18.509439614695935
4fc4c40ddd,20.610235150295967
6a6f47e6af,20.266745522475524
e3cd400eec,17.327135401396312
0c8b1f58af,10.705865066388156
9aa09cbcbb,32.94347135590908
f24f3e7261,15.810531752380024
9f493705b3,11.094300674969933
60517add2a,12.54814095190243
6dd08841c0,38.266935231917145
ed122a3736,8.57733533951728
26b3ab8f9e,53.75563980417925
91615c170e,23.241033615427675
559d941323,12.299250918312726
64570ac8e3,13.768541143271861
64be3f26d8,12.74761629242199
3cd4e8e3e8,13.842688272768964
5f3ae34b88,16.320848858129434
5485f4dab0,10.067575489539408
4d8b32428f,14.537561193506068
4b12de3d9e,14.171330323984423
7402e1d0e1,15.679777171311095
ddf3c8357f,18.22761155126881
b09c3b5685,13.264299736977133
208cd3e00b,33.46285928740639
4f0655afb6,10.322952670538278
b4ef2428c2,11.775862488265417
e664985fff,18.5115309690228
9787a615c2,30.68552510529461
76d55044d5,120.95538135341289
286369f0e5,118.60292115975125
534601db25,12.8450795053876
6f475125d5,79.69411343958006
cf13453341,17.224520264681622
117cb766a4,15.809968278277568
1981e1d767,17.631717348094455
575353b82d,20.055298464079563
b9c2e03fea,22.06869628667607
836e772ba1,131.46317208704568
63a6d63c34,40.438842200631186
f133f9bf46,18.728390401871813
0bec5b99ec,15.739029170664136
17fca55354,129.4029559552875
cc430d4f17,13.4132804556
dc99da7ed9,22.08792573116091
81e6b58795,127.5698758156086
0d361a7096,12.019941104587923
4174acbcc2,8.926551591448526
8d36f9692c,12.005214234955233
7f119592b6,13.560742953855886
e4d5abd65e,29.71379188315601
34f10ecc72,15.260613318918871
be1e477881,16.056310127191146
f7195f3afa,79.35985034898896
1f5fff8588,73.61425827487899
bd7b078725,42.51840635089687
87d6b5c656,17.927126845378965
5c0a229a4c,14.916689080120662
8201d70089,122.07955054464848
f86a4c88ce,67.56540557655357
3140747efc,124.4296770756164
9a6ef2903f,120.11726225499802
2a4c501c84,34.89259075470687
a0b643d664,78.45209355322672
f1ee41b252,10.556777693983129
15dbac2c21,126.35149375876583
7ddbbc6466,15.580585820009807
c61366711b,18.038681209233715
0ba7b836a5,129.56444110318816
12e344c482,38.929718973297405
f9570fde54,33.116331350270656
529a37cbad,13.262606804332876
f2a118e09f,48.7537449024999
34b6396b21,14.571844836920889
5022663c9d,13.510563299800088
67235b061c,62.054908106353246
cc9cb4c7d1,50.16792516059893
07d088320f,12.775249118863483
892feff099,18.036655671760993
89c719e222,14.798337060978916
893edd5bcf,21.579085830449692
a1522fd1ba,117.92256832449934
2db01ea4a6,8.547552630043421
3d7b08467f,21.799675565144376
1c6a2b84f8,13.241323947365995
7651380871,66.5693570781351
f529f1ca42,20.277569044798163
ddede4f510,23.215435293318407
b669a53010,45.36000050156626
1a5e5248c6,14.84289820980177
6a6bcaee60,40.699192213986066
192504faa5,9.60654796785006
8caa8c4573,14.085687431493703
657381bda6,6.713657054372177
7d9613eda6,15.1713731407828
8384b34cea,59.35538922928577
2f2fb023bc,14.676646806508842
e1df16b5de,77.24048221085802
a969f2598a,17.989144671160567
6a2af5d82e,8.774446356278045
5c16d85812,53.11864424773113
644eab5227,19.407391998052105
a9adb6153a,43.682124644508384
dd89b5bcde,16.997873901922503
6f379e9fcc,8.394424079600734
06ef14d961,65.03249561666867
ca24877d7e,15.226912480830185
b88de61886,13.573760803236306
5d22215f61,18.596019958125755
a171be3c83,5.414131408004517
c367a565bf,13.996182819325394
5701b09f69,14.763248514462141
8cd5c07d1e,35.80796153070982
91d8e3465d,128.2363722012873
1907816c02,39.234678298015695
1c7fc34cea,16.326222031379512
c779a6ab3b,16.28987613603747
040834d919,33.12490958897976
e124220196,17.364617743076586
3f49db93ce,39.40131211605413
eaa4c7af79,62.20877808851771
97c650d3c0,8.419879597921677
75156863c0,17.572709706412105
f5cdc62698,16.484633235975195
3995d6e21c,16.242023752625464
cfea21b7d2,14.654288394426738
37fccb28a2,45.56152256567968
eccf602000,53.12639905043499
3cb03a028c,18.06250670573572
71c613ba7d,14.65371753979925
2bdd407764,9.041649973287711
4c1c529ad4,58.60468877513314
9f4f5ac868,30.04595655780763
c9a3cd4a46,11.782926761772547
7af70271db,12.953951504158525
03934a1822,14.617564046418932
498e0605dd,46.109473232925765
43d69189fb,18.216292796579673
a422e4fb70,65.12097618984147
e9a2cc7437,14.808510051096864
89c0918093,19.507606997197918
8d76edc264,13.648170093425549
f4ac0194b7,16.77076909155867
3b7ff3ca04,15.499557347340602
765cbe0c2e,19.030180176889374
2c3443bb1b,8.912288703445846
9e06ab6d9b,17.66669683910292
e522de5b99,13.59869069150856
e4bd3df0ca,153.00126613531415
c53a785193,26.361496521264225
d942ca004e,7.562724004166819
04220aaa5d,9.611677430951087
b959603911,12.923318449171926
aa490f234b,23.517159825195503
ac6e252fcb,141.23464486496306
3d785ea098,14.753510125620968
2f886432d7,40.116049819933615
8a5d67e0da,20.317033802367902
1913633181,93.43217935153129
3c6e825b8e,14.469383898063388
de5bcc0cfd,20.253147248247725
d56a2e40f4,26.24544295701883
7def475906,12.938063925380133
84eb1975f3,18.14837971546043
3d891c6091,14.15030015287966
29c27d277f,15.68187838120448
af538040b8,16.362615255389315
ffdb0ec80e,14.348831577911724
b7ed09b3c3,7.139428525426812
770c0db412,9.34692009927318
78ea592c06,12.945283281421954
6f12e405ee,20.608551006870933
4d2a5beec5,14.298856582386291
e90dfeaa42,21.434342025852448
e738d35e0d,16.365611121788888
de634826b2,11.839569249163798
06a232353d,43.69238203831818
c566ec65ad,78.98435357334508
7b02654292,16.967600482603785
25c3c25588,36.7734152256143
7f459da141,15.702798958921052
77f2afd2e6,34.38902316564271
7c3da788cf,10.019029884231772
ffd4500d15,32.876974728501224
e421ab713f,13.360944994495373
24b5a7929f,60.511385932810455
24f327b9c1,12.717714799497188
2f04946fb5,14.748426259186315
ecb81e176d,9.9847294752227
902b9d2d19,14.44803119048996
3afbde4086,13.778320732572933
c55f7d0c44,16.159598896732582
b4ad8cb4cf,19.445048918120598
6dc3e089a9,39.552115964169374
aeacea68e4,141.64463000484545
eb0130ad58,23.216941008347916
9a0aa55fb7,14.040736609692182
df58c42eeb,130.86356712053907
a67fd38207,100.70844873977772
a304f312f8,49.435650988610284
6028a1a2c0,120.7833914086185
d8bc6007b6,33.71876574142745
8b28dae63b,8.431843173400368
ebdf94b789,15.358584795461708
2042d65b63,12.639930304525034
d93a1ba9f5,14.490985939771349
42f7e49411,17.130756907158148
73e046182e,14.711849337057151
880b71f800,29.874594515725832
18a839534b,10.162655081570861
0072892c94,41.21170155954556
1b4a057676,116.57425137688426
451a4c3c19,15.565641480287773
200de6ab8d,112.4366060844086
b6b004cf1c,12.051010926162252
e19ce8d9b7,13.24355018197403
57fb941dc6,66.1602226424229
21729d645a,14.111002524775367
4817b8b233,18.479147719888687
3120496db7,16.881383441262834
7ec245704e,17.239616913838887
0a1b0d5631,16.43128442083017
d2b7fb62cb,14.968140640680682
e799743fd9,81.26701664225237
4157061148,13.67653511305478
9c35f542be,32.75120510175337
020f2e564a,14.635568721114032
6bcc85ee6d,15.713068598736513
f6838cf36d,31.21923714827443
141c684ea1,15.270391097066115
809b43c9df,22.644112317516274
88ff33f790,22.177653204959597
256771fae5,35.61502269212188
6c9b61d19a,134.80805648673027
8255d7fb32,8.392860283343932
8c5145b90c,50.135394530199385
8b82dd1141,14.594342287274136
3e7abb52c8,36.60182791895483
46249d1ae2,17.821961976420233
c6a4a4c9a6,38.492504286321825
bfe6b162c7,13.307311820148149
7851e195d3,27.567176006056428
9c7762aa21,56.040928776633315
0b8d99d3fa,12.915613153237995
a4757e6be8,23.525609533084072
fd6044c71f,8.99273489863397
6e2b732200,15.703054374599347
35bb55c970,20.606881522796353
df3e3cf8a9,15.073070388531207
f0aac85823,8.243942097095182
6282556132,12.194313197647807
0f13065e94,12.86713801372878
56ca9a8646,12.51995247314962
300761e4bd,14.446463904802272
9588fba679,132.63137331919592
c8f4f41336,11.971707904161025
9d85093aef,23.37907839417054
b3b6a5495b,15.911077994595765
a3d9369b56,8.060823531996638
344b760cf6,117.71755878342924
1230286b20,14.508113910280844
2e21c1a94b,17.705189231118506
6b2ba00bd9,7.300095396138775
a020ffc69b,12.658286794001286
98978dae13,18.74565305736563
73395171bb,11.98594924038359
846be11928,76.47630200590147
4463b31abe,18.31983912754811
539d23aeac,14.314618424975828
b51f8ff109,8.986911767024518
4a5c247b8a,11.727874585316682
10ecf41cec,21.114191934374382
8923a7793a,126.17423482467488
c22e412974,11.277567527739858
682b9324ec,69.07046888588773
f9b9c498eb,14.058194858299302
904091227a,118.2765390864906
a51413449f,14.059269288682277
4552e4bc4e,13.951726270004823
f76140ffe4,9.755499940032614
1693e915ed,67.80935785593282
29db31f757,48.862057131244136
a352129314,8.922377501343462
9e32de467b,23.18569494121959
144fa1df1b,118.26721808543083
bc17dbaff3,12.784421505154828
422779aea0,11.940768855835692
1002e77512,22.34232287495373
